<?xml version="1.0" encoding="UTF-8"?>
<unican2dnv xmlns="http://www.csm.de/unican2dnv-system"
	xmlns:xsi="http://www.w3.org/2001/XMLSchema-instance"
	xsi:schemaLocation="http://www.csm.de/unican2dnv-system unican2dnv-system.xsd">
	<tcp port="4604" requestTimeout="1800" />
	<jobs>
		<configFile>ProcessCfg.xml</configFile>
		<configDir>C:\\CSMUNICAN2\\SERVER\\CONFIG</configDir>
		
	</jobs>
	<workplace>
		<cleanup cycleTime="600" maxAge="300" maxLogFileAge="2592000" />
		<localRoot>C:\\CSMUNICAN2\\SERVER\\WORKPLACE</localRoot>
		<timezone>Russian Standard Time</timezone>
		<logFileRoot>C:\\CSMUNICAN2\\SERVER\\LOGFILES</logFileRoot>
		<maxOutFiles>20</maxOutFiles>
	</workplace>
	<service auto="true">
		<shortName>UNICAN2DNV</shortName>
		<displayName>UNICAN 2 DNV</displayName>
		<description>RemoteDNV</description>
	</service>
	<logon>
		<user access="config">admin</user>
	</logon>
</unican2dnv>
